group,run_dir,seed,n_params,mean_iter_time_s,total_time_s,peak_rss_mb,loss_final,L2_u_global_pct,L2_f_global_pct,L2_u_t0_pct,L2_u_boundary_pct,L2_u_interior_pct
cascade,results/kg_dv_angle_cascade_seed1/2026-08-31_16-01-19-273923,1,771,0.25335716940977787,5067.561734199524,501.78515625,0.28692469000816345,2.1095681935548782,0.8008413948118687,0.4307808354496956,1.4573974534869194,2.1241674199700356
cascade,results/kg_dv_angle_cascade_seed10/2026-08-31_17-27-21-873439,10,771,0.2568957836533264,5138.339156150818,505.78125,0.17035281658172607,5.553988739848137,1.7823319882154465,0.9201699867844582,3.3838551491498947,5.6001923978328705
cascade,results/kg_dv_angle_cascade_seed2/2026-08-31_16-01-19-253934,2,771,0.2537272506039292,5074.968395471573,498.6171875,1.0748425722122192,4.859580099582672,2.60103028267622,1.2701704166829586,3.3101368695497513,4.894062876701355
cascade,results/kg_dv_angle_cascade_seed3/2026-08-31_16-01-19-264828,3,771,0.2556245196217651,5112.912129402161,504.10546875,0.09096162021160126,3.8235921412706375,1.095704361796379,1.5986936166882515,2.1086908876895905,3.85877788066864
cascade,results/kg_dv_angle_cascade_seed4/2026-08-31_16-01-19-274927,4,771,0.25598026257267315,5120.028304576874,500.55859375,0.3736298084259033,5.836545303463936,1.516736764460802,1.881909929215908,2.1105654537677765,5.903560668230057
cascade,results/kg_dv_angle_cascade_seed5/2026-08-31_16-01-19-264057,5,771,0.2569142740658971,5138.704900979996,500.08984375,0.4058346450328827,7.974856346845627,2.0622627809643745,2.015726827085018,4.494325444102287,8.04682970046997
cascade,results/kg_dv_angle_cascade_seed6/2026-08-31_17-26-11-361455,6,771,0.25443277137792825,5089.075186252594,512.44140625,0.17110909521579742,5.311863124370575,1.7359530553221703,2.2347990423440933,2.5919634848833084,5.365360528230667
cascade,results/kg_dv_angle_cascade_seed7/2026-08-31_17-26-18-124224,7,771,0.25564597508114967,5113.330545663834,508.00390625,0.3544462323188782,3.660091757774353,1.3868610374629498,1.8165839836001396,2.616329863667488,3.683793917298317
cascade,results/kg_dv_angle_cascade_seed8/2026-08-31_17-26-56-269152,8,771,0.2569813430123938,5140.037157773972,509.8671875,0.3127867579460144,11.94816380739212,2.418917417526245,4.153018817305565,5.327119305729866,12.074673920869827
cascade,results/kg_dv_angle_cascade_seed9/2026-08-31_17-27-03-294833,9,771,0.2565570405411739,5131.565097570419,507.02734375,0.13606612384319305,4.683421552181244,0.9842841885983944,1.9734863191843033,3.7931889295578003,4.704778641462326
q6,results/kg_dv_cascade_q6_seed1/2026-09-08_15-58-18-867542,1,875,0.3192827283069875,6386.126250982285,615.8984375,0.09536519646644592,3.6705251783132553,0.9640333242714405,1.9402135163545609,2.4244796484708786,3.6979109048843384
q6,results/kg_dv_cascade_q6_seed2/2026-09-08_15-58-18-867934,2,875,0.3189306719954029,6379.081873416901,612.875,0.26581984758377075,5.58500848710537,2.0327169448137283,1.1201243847608566,2.485026977956295,5.644203722476959
q6,results/kg_dv_cascade_q6_seed3/2026-09-08_15-58-18-868090,3,875,0.31968731914799303,6394.210009336472,612.5546875,0.21658822894096375,5.880236253142357,1.7589958384633064,0.8823996409773827,2.378050424158573,5.945220589637756
q6,results/kg_dv_cascade_q6_seed4/2026-09-08_15-58-18-867568,4,875,0.32327145132333246,6465.896833181381,610.28515625,0.3792122006416321,3.4660696983337402,1.1042965576052666,1.4308322221040726,1.826404221355915,3.4991737455129623
q6,results/kg_dv_cascade_q6_seed5/2026-09-08_15-58-18-867508,5,875,0.3196358479039571,6393.185193300247,608.27734375,0.1388610601425171,7.36611932516098,1.5732735395431519,2.721692807972431,3.7983689457178116,7.4376121163368225
alternate,results/kg_dv_angle_alternate_seed1/2026-09-01_20-58-25-315762,1,772,0.24897164601469268,4979.819225311279,497.015625,0.09900308400392532,7.4220262467861176,0.8313869126141071,1.8625564873218536,3.4844819456338882,7.498501241207123
alternate,results/kg_dv_angle_alternate_seed10/2026-09-01_22-22-28-799338,10,772,0.2262122859713007,4524.598919630051,499.40234375,0.15793924033641815,12.538649141788483,1.6149137169122696,3.6778856068849564,3.4424010664224625,12.691737711429596
alternate,results/kg_dv_angle_alternate_seed2/2026-09-01_20-58-25-435439,2,772,0.2463504486501683,4927.394813776016,502.55859375,0.6825968027114868,3.101254254579544,1.378551498055458,1.3768518343567848,2.0307525992393494,3.124700114130974
alternate,results/kg_dv_angle_alternate_seed3/2026-09-01_20-58-25-446198,3,772,0.24621642885850653,4924.7113535404205,505.59765625,0.380992591381073,14.642605185508728,1.8935950472950935,5.977778136730194,5.896521359682083,14.804691076278687
alternate,results/kg_dv_angle_alternate_seed4/2026-09-01_20-58-25-419906,4,772,0.248482964485479,4970.049287319183,502.52734375,0.20260334014892578,21.146436035633087,1.6442790627479553,3.6650683730840683,3.8373101502656937,21.416395902633667
alternate,results/kg_dv_angle_alternate_seed5/2026-09-01_20-58-25-447363,5,772,0.25113295668897,5023.051190853119,507.34765625,0.16122901439666748,7.212793081998825,1.129322312772274,1.7355499789118767,2.4235693737864494,7.297302782535553
alternate,results/kg_dv_angle_alternate_seed6/2026-09-01_20-58-25-484423,6,772,0.2496058575565157,4992.504107713699,506.0546875,0.2942526340484619,14.547300338745117,2.036421000957489,4.577435180544853,6.714370846748352,14.698606729507446
alternate,results/kg_dv_angle_alternate_seed7/2026-09-01_22-22-28-793714,7,772,0.22644382876950594,4529.229358434677,504.16015625,0.13404525816440582,8.761684596538544,1.2886161915957928,2.3604290559887886,2.689461410045624,8.866491168737411
alternate,results/kg_dv_angle_alternate_seed8/2026-09-01_22-22-28-731606,8,772,0.22433269240672526,4487.003944396973,501.046875,0.48038917779922485,38.588374853134155,1.555949728935957,3.0245210975408554,3.755887970328331,39.09286856651306
alternate,results/kg_dv_angle_alternate_seed9/2026-09-01_22-22-28-805632,9,772,0.2255847774921168,4512.0465342998505,504.45703125,0.4286501407623291,30.922093987464905,2.476818487048149,4.708698019385338,5.515582114458084,31.31730854511261
layered,results/kg_dv_angle_layered_seed1/2026-09-01_23-38-19-394637,1,776,0.2628028894343085,5256.46436047554,525.421875,1.1474196910858154,29.068726301193237,2.086217887699604,5.552786961197853,6.966922432184219,29.430478811264038
layered,results/kg_dv_angle_layered_seed10/2026-09-02_01-06-34-853369,10,776,0.23703059811848207,4740.976374387741,519.9765625,0.40230703353881836,17.01367348432541,2.704061008989811,4.809071123600006,5.007820576429367,17.218883335590363
layered,results/kg_dv_angle_layered_seed2/2026-09-01_23-38-19-448503,2,776,0.2601813555908283,5204.0258667469025,519.90625,0.44572776556015015,28.58746647834778,1.7481150105595589,3.3079952001571655,5.871275067329407,28.94895374774933
layered,results/kg_dv_angle_layered_seed3/2026-09-01_23-38-19-356703,3,776,0.2598697056129184,5197.794374704361,520.9609375,0.39400234818458557,18.734662234783173,1.251125056296587,7.257793843746185,6.12700879573822,18.95563155412674
layered,results/kg_dv_angle_layered_seed4/2026-09-01_23-38-19-459684,4,776,0.26329694592201636,5266.338150501251,528.0859375,0.44637635350227356,21.98311686515808,2.072525955736637,6.0899000614881516,6.221400573849678,22.250154614448547
layered,results/kg_dv_angle_layered_seed5/2026-09-01_23-38-19-439787,5,776,0.2629343287377336,5259.0992913246155,518.8671875,0.5991714596748352,13.234297931194305,2.6936713606119156,4.1992198675870895,5.180444568395615,13.382349908351898
layered,results/kg_dv_angle_layered_seed6/2026-09-01_23-38-19-441884,6,776,0.2636379259421821,5273.161594152451,527.3046875,0.3735128939151764,10.981658846139908,2.290167845785618,2.394913323223591,4.044479131698608,11.107046902179718
layered,results/kg_dv_angle_layered_seed7/2026-09-02_01-06-34-863252,7,776,0.23705445640596107,4741.459414958954,524.03125,0.4109751880168915,17.555634677410126,1.80578101426363,5.445510521531105,6.472326070070267,17.756018042564392
layered,results/kg_dv_angle_layered_seed8/2026-09-02_01-06-34-782650,8,776,0.2353013413403902,4706.391427516937,521.8671875,0.2800292372703552,22.86207675933838,1.5415815636515617,3.169573098421097,6.06909953057766,23.142674565315247
layered,results/kg_dv_angle_layered_seed9/2026-09-02_01-06-34-853345,9,776,0.2376102190693134,4752.568887472153,522.234375,3.0537452697753906,12.885075807571411,4.682270437479019,2.788114547729492,5.730872601270676,13.021670281887054
cross_mesh,results/kg_dv_angle_cross_mesh_seed1/2026-09-02_05-00-31-764091,1,796,0.30286343754267153,6057.716473340988,549.59765625,0.0973752960562706,4.732322320342064,1.3507629744708538,0.7526086643338203,1.4456499367952347,4.788985848426819
cross_mesh,results/kg_dv_angle_cross_mesh_seed10/2026-09-02_06-42-38-344698,10,796,0.27694632196471475,5539.3323533535,548.51953125,0.3213149905204773,10.213082283735275,1.3636131770908833,2.6760615408420563,3.616088256239891,10.33107340335846
cross_mesh,results/kg_dv_angle_cross_mesh_seed2/2026-09-02_05-00-31-764227,2,796,0.30266308462119235,6053.709897518158,549.0,0.47333264350891113,3.216744214296341,1.2301338836550713,1.1147069744765759,1.8794620409607887,3.2447680830955505
cross_mesh,results/kg_dv_angle_cross_mesh_seed3/2026-09-02_05-00-31-754690,3,796,0.3033360085334177,6067.162155389786,550.65625,0.6009571552276611,7.4729591608047485,1.4454634860157967,1.4886737801134586,3.003138303756714,7.555747032165527
cross_mesh,results/kg_dv_angle_cross_mesh_seed4/2026-09-02_05-00-31-749494,4,796,0.30167480804040425,6033.942772388458,550.015625,0.17579007148742676,8.670003712177277,1.997135952115059,0.9856455028057098,1.7335696145892143,8.779885619878769
cross_mesh,results/kg_dv_angle_cross_mesh_seed5/2026-09-02_05-00-31-749516,5,796,0.3051970139625494,6104.390367507935,550.38671875,0.09497660398483276,4.88208644092083,0.8246989920735359,1.2341241352260113,1.326610054820776,4.941791668534279
cross_mesh,results/kg_dv_angle_cross_mesh_seed6/2026-09-02_05-00-31-762388,6,796,0.3004992216665025,6010.4262664318085,546.32421875,0.22725965082645416,6.028059497475624,2.0294437184929848,3.6398660391569138,3.6044813692569733,6.079292297363281
cross_mesh,results/kg_dv_angle_cross_mesh_seed7/2026-09-02_06-42-38-331678,7,796,0.27304765392001834,5461.353560209274,547.5625,0.056957751512527466,5.379125848412514,1.0927450843155384,3.2811466604471207,2.6165639981627464,5.433405563235283
cross_mesh,results/kg_dv_angle_cross_mesh_seed8/2026-09-02_06-42-38-331609,8,796,0.2714550560162735,5429.502986907959,545.99609375,0.23499812185764313,4.072890058159828,1.5705520287156105,0.6664060521870852,2.5144044309854507,4.106240347027779
cross_mesh,results/kg_dv_angle_cross_mesh_seed9/2026-09-02_06-42-38-270608,9,796,0.2746594859208307,5493.595228672028,547.6171875,0.33108311891555786,7.733755558729172,1.05914156883955,0.712429964914918,2.367217279970646,7.826319336891174
amp_cascade,results/kg_dv_amplitude_cascade_seed1/2026-09-02_08-15-19-706753,1,771,0.5595879654554585,11192.46549296379,685.32421875,1.1080641746520996,13.804367184638977,4.240859299898148,3.262091428041458,6.65617361664772,13.944414258003235
amp_cascade,results/kg_dv_amplitude_cascade_seed2/2026-09-02_08-15-19-700577,2,771,0.5629509722290025,11259.729339122772,638.28125,4.8018479347229,14.187254011631012,5.636967718601227,5.315835401415825,8.413268625736237,14.308930933475494
amp_cascade,results/kg_dv_amplitude_cascade_seed3/2026-09-02_08-15-19-718266,3,771,0.5590568746665738,11181.846418619156,676.12890625,1.4934968948364258,52.16909050941467,2.1642999723553658,46.72005772590637,43.39323043823242,52.382224798202515
amp_cascade,results/kg_dv_amplitude_cascade_seed4/2026-09-02_08-15-19-717420,4,771,0.5551253420297848,11103.21432518959,680.2890625,0.34597161412239075,8.115396648645401,2.007271908223629,2.822408452630043,4.471387714147568,8.190137147903442
amp_cascade,results/kg_dv_amplitude_cascade_seed5/2026-09-02_08-15-19-721260,5,771,0.5589725475454124,11180.158534526825,681.01953125,2.3805458545684814,15.281878411769867,3.2760750502347946,4.70462441444397,6.42424002289772,15.44811725616455
amp_cascade,results/kg_dv_amplitude_cascade_seed6/2026-09-02_08-15-19-721495,6,771,0.5646618706769232,11293.9532995224,680.765625,0.6654551029205322,9.38224270939827,3.188307210803032,2.9540568590164185,6.509920954704285,9.446658194065094
wut1,results/kg_dv_cascade_wut1_seed1/2026-09-02_02-26-09-225618,1,771,0.2308103198180545,4616.570703744888,481.2109375,0.15054833889007568,5.305255949497223,1.1604455299675465,1.7705706879496574,1.9792241975665092,5.3655847907066345
wut1,results/kg_dv_cascade_wut1_seed2/2026-09-02_02-26-09-254368,2,771,0.2289128983962103,4578.61994934082,480.4375,0.5950321555137634,4.582756757736206,3.1748581677675247,1.5231817960739136,3.381539508700371,4.61040735244751
wut1,results/kg_dv_cascade_wut1_seed3/2026-09-02_02-26-09-244660,3,771,0.22451323132800485,4490.629572153091,476.484375,0.42428871989250183,6.178740039467812,2.5486260652542114,1.9374486058950424,3.759448602795601,6.230221688747406
wut1,results/kg_dv_cascade_wut1_seed4/2026-09-02_02-26-09-248830,4,771,0.2275957259797788,4552.27304649353,480.69140625,0.15793681144714355,9.976067394018173,1.464473269879818,2.993222326040268,3.642146661877632,10.090281814336777
wut1,results/kg_dv_cascade_wut1_seed5/2026-09-02_02-26-09-238643,5,771,0.2284549110088477,4569.459381580353,484.20703125,0.14493796229362488,4.958699271082878,1.211558748036623,2.713285945355892,2.5385424494743347,5.007075518369675
wut10,results/kg_dv_cascade_wut10_seed1/2026-09-02_03-43-25-204182,1,771,0.23031727898020524,4606.714686870575,482.484375,1.2377636432647705,8.361823856830597,1.2757880613207817,2.882097102701664,4.442693293094635,8.441177755594254
wut10,results/kg_dv_cascade_wut10_seed2/2026-09-02_03-43-25-196651,2,771,0.22583040153293665,4516.964097738266,483.640625,1.5296682119369507,10.124077647924423,4.235574975609779,2.8866251930594444,4.434703662991524,10.232193022966385
wut10,results/kg_dv_cascade_wut10_seed3/2026-09-02_03-43-25-194707,3,771,0.2285072510757383,4570.505494117737,478.25390625,0.6860834360122681,11.126545816659927,2.338297851383686,4.000934213399887,5.318041145801544,11.240016669034958
wut10,results/kg_dv_cascade_wut10_seed4/2026-09-02_03-43-25-184570,4,771,0.22958893659833673,4592.148807525635,486.453125,0.4381761848926544,6.996920704841614,2.23988089710474,1.5572883188724518,3.679434582591057,7.0638507604599
wut10,results/kg_dv_cascade_wut10_seed5/2026-09-02_03-43-25-183789,5,771,0.22517837910214683,4503.924589633942,480.87109375,0.22074808180332184,7.856583595275879,1.453533861786127,2.6190603151917458,3.989383578300476,7.933669537305832
pinn,results/kg_classical_seed1/2026-08-31_15-38-30-953824,1,2751,0.004936962083844034,98.91173481941223,337.1171875,0.21360576152801514,5.721272900700569,2.0962895825505257,1.138838566839695,2.422371506690979,5.783319473266602
pinn,results/kg_classical_seed10/2026-08-31_15-40-09-982516,10,2751,0.0029900807542622126,59.913145303726196,338.71875,0.3508961796760559,7.943335920572281,1.3813464902341366,1.1567157693207264,1.692567765712738,8.04344192147255
pinn,results/kg_classical_seed2/2026-08-31_15-38-30-998121,2,2751,0.004765279668415904,95.48905873298645,338.10546875,0.28444963693618774,3.5261504352092743,2.505669742822647,1.1163439601659775,2.5305330753326416,3.548797219991684
pinn,results/kg_classical_seed3/2026-08-31_15-38-30-953470,3,2751,0.004890764582414973,97.98147320747375,338.33203125,0.2853146493434906,2.9751449823379517,1.6468726098537445,1.3023789040744305,1.7596522346138954,3.0007336288690567
pinn,results/kg_classical_seed4/2026-08-31_15-38-30-953345,4,2751,0.0047925561996396355,96.03771162033081,337.609375,0.43487268686294556,3.156372904777527,2.816154807806015,1.4802023768424988,2.581886760890484,3.1702175736427307
pinn,results/kg_classical_seed5/2026-08-31_15-38-30-953428,5,2751,0.004896006291334198,98.08926749229431,338.5703125,0.4688018262386322,3.9932411164045334,1.2439028359949589,0.749629270285368,1.7208795994520187,4.036208614706993
pinn,results/kg_classical_seed6/2026-08-31_15-38-30-971969,6,2751,0.004899826185589921,98.17204761505127,337.3125,0.1746700555086136,4.3321046978235245,3.3713623881340027,0.8961057290434837,2.785828150808811,4.365726932883263
pinn,results/kg_classical_seed7/2026-08-31_15-38-30-985856,7,2751,0.004882147305685152,97.80894017219543,339.84375,0.11541944742202759,4.024916514754295,1.7918368801474571,1.7028391361236572,1.903119683265686,4.066221788525581
pinn,results/kg_classical_seed8/2026-08-31_15-38-30-970990,8,2751,0.005077259616267824,101.72246026992798,338.19921875,0.26378607749938965,5.689787492156029,1.8749037757515907,1.5556390397250652,2.5101391598582268,5.7503435760736465
pinn,results/kg_classical_seed9/2026-08-31_15-40-09-557742,9,2751,0.0029649667362604084,59.40987586975098,339.484375,0.29408276081085205,3.267328441143036,1.997119002044201,1.1888831853866577,1.7117539420723915,3.2986707985401154
